1,Pizza Hut Mosilor,https://tazz.ro/bucuresti/locatie/pizza-hut-mosilor/2999/
2,Mondo MeatBalls - Lumea Chiftelutelor,https://tazz.ro/bucuresti/locatie/mondo-meatballs-lumea-chiftelutelor/3048/
3,Pizza Hut Delta,https://tazz.ro/bucuresti/locatie/pizza-hut-delta/3000/
4,Decathlon Baneasa,https://tazz.ro/bucuresti/locatie/decathlon-baneasa/1729/
5,Fior di latte,https://tazz.ro/bucuresti/locatie/fior-di-latte/1971/
6,City Grill Primaverii,https://tazz.ro/bucuresti/locatie/city-grill-primaverii/1195/
7,Pizza Hut Romana,https://tazz.ro/bucuresti/locatie/pizza-hut-romana/3001/
8,Sara Green Victoriei,https://tazz.ro/bucuresti/locatie/sara-green-victoriei/2176/
9,Taverna Sarbului,https://tazz.ro/bucuresti/locatie/taverna-sarbului/2121/
10,Taco Bell Mega Mall,https://tazz.ro/bucuresti/locatie/taco-bell-mega-mall/1785/
11,Pep&Pepper Park Lake,https://tazz.ro/bucuresti/locatie/pep-pepper-park-lake/2671/
12,Taco Bell Park Lake,https://tazz.ro/bucuresti/locatie/taco-bell-park-lake/1786/
13,King Rolls,https://tazz.ro/bucuresti/locatie/king-rolls/2124/
14,Taco Bell Cotroceni,https://tazz.ro/bucuresti/locatie/taco-bell-cotroceni/1784/
15,Mega Image Bucuresti,https://tazz.ro/bucuresti/locatie/mega-image-bucuresti/1497/
16,Paul Universitate,https://tazz.ro/bucuresti/locatie/paul-universitate/2098/
17,Alouette Bistro,https://tazz.ro/bucuresti/locatie/alouette-bistro/3027/
18,Paul Dorobanti,https://tazz.ro/bucuresti/locatie/paul-dorobanti/1935/
19,McDonald`s Prisma,https://tazz.ro/bucuresti/locatie/mcdonald-s-prisma/1882/
20,Paul ParkLake,https://tazz.ro/bucuresti/locatie/paul-parklake/2101/
21,Paul Cotroceni,https://tazz.ro/bucuresti/locatie/paul-cotroceni/2105/
22,Paul Mega Mall,https://tazz.ro/bucuresti/locatie/paul-mega-mall/2100/
23,Paul Promenada,https://tazz.ro/bucuresti/locatie/paul-promenada/2099/
24,Yummy by Kiddo Baneasa,https://tazz.ro/bucuresti/locatie/yummy-by-kiddo-baneasa/2337/
25,Paul Romana,https://tazz.ro/bucuresti/locatie/paul-romana/2102/
26,Pep&Pepper Baneasa,https://tazz.ro/bucuresti/locatie/pep-pepper-baneasa/2439/
27,McDonald`s Feeria,https://tazz.ro/bucuresti/locatie/mcdonald-s-feeria/1887/
28,McDonald`s Central,https://tazz.ro/bucuresti/locatie/mcdonald-s-central/1885/
29,Paul Baneasa,https://tazz.ro/bucuresti/locatie/paul-baneasa/2103/
30,McDonald`s Otopeni,https://tazz.ro/bucuresti/locatie/mcdonald-s-otopeni/1881/
31,Stradale,https://tazz.ro/bucuresti/locatie/stradale/3350/
32,McDonald’s Unirea,https://tazz.ro/bucuresti/locatie/mcdonald-s-unirea/1880/
33,McDonald’s Gara de Nord,https://tazz.ro/bucuresti/locatie/mcdonald-s-gara-de-nord/1545/
34,McDonald`s Pipera DT,https://tazz.ro/bucuresti/locatie/mcdonald-s-pipera-dt/1886/
35,McDonald`s Colentina,https://tazz.ro/bucuresti/locatie/mcdonald-s-colentina/1883/
36,Flori de Lux,https://tazz.ro/bucuresti/locatie/flori-de-lux/1909/
37,Fibrio,https://tazz.ro/bucuresti/locatie/fibrio/2083/
38,Divan,https://tazz.ro/bucuresti/locatie/divan/3119/
39,Bere Artizanală Zăganu,https://tazz.ro/bucuresti/locatie/bere-artizanala-zaganu/1721/
40,Dristor Kebap Delivery - Sudului,https://tazz.ro/bucuresti/locatie/dristor-kebap-delivery-sudului/1764/
41,Fabio pizza-Drumul taberei,https://tazz.ro/bucuresti/locatie/fabio-pizza-drumul-taberei/2222/
42,eSun Parfumerie,https://tazz.ro/bucuresti/locatie/esun-parfumerie/1821/
43,Atelierul de tarte,https://tazz.ro/bucuresti/locatie/atelierul-de-tarte/2104/
44,Fabio pizza-Traian,https://tazz.ro/bucuresti/locatie/fabio-pizza-traian/2227/
45,GNC Live Well,https://tazz.ro/bucuresti/locatie/gnc-live-well/1700/
46,Crama de Vinuri Vrancene,https://tazz.ro/bucuresti/locatie/crama-de-vinuri-vrancene/1893/
47,Black El Zorab,https://tazz.ro/bucuresti/locatie/black-el-zorab/2322/
48,PlescavitaVan Militari,https://tazz.ro/bucuresti/locatie/plescavitavan-militari/2125/
49,Due Food,https://tazz.ro/bucuresti/locatie/due-food/2984/
50,Noodle Pack Afi Cotroceni,https://tazz.ro/bucuresti/locatie/noodle-pack-afi-cotroceni/3261/
51,All.Farm Market,https://tazz.ro/bucuresti/locatie/all-farm-market/2384/
52,Karta,https://tazz.ro/bucuresti/locatie/karta/3173/
53,Eat Etc Hermes,https://tazz.ro/bucuresti/locatie/eat-etc-hermes/2927/
54,Sara Green 13 Septembrie,https://tazz.ro/bucuresti/locatie/sara-green-13-septembrie/2779/
55,Dristor Kebap Delivery - Franceza,https://tazz.ro/bucuresti/locatie/dristor-kebap-delivery-franceza/1759/
56,Fabio pizza- Delfinului,https://tazz.ro/bucuresti/locatie/fabio-pizza-delfinului/2231/
57,Nicolai,https://tazz.ro/bucuresti/locatie/nicolai/1972/
58,Il Calcio by Mr.Val Pescariu,https://tazz.ro/bucuresti/locatie/il-calcio-by-mr-val-pescariu/3032/
59,Oro Toro AFI Cotroceni,https://tazz.ro/bucuresti/locatie/oro-toro-afi-cotroceni/1019/
60,Noodle Pack Drumul Taberelor,https://tazz.ro/bucuresti/locatie/noodle-pack-drumul-taberelor/3262/
61,Japanos Carnivale,https://tazz.ro/bucuresti/locatie/japanos-carnivale/1042/
62,Il Calcio by Mr. Val Romancierilor,https://tazz.ro/bucuresti/locatie/il-calcio-by-mr-val-romancierilor/3031/
63,Noodle Pack Baneasa,https://tazz.ro/bucuresti/locatie/noodle-pack-baneasa/2946/
64,Oro Toro Park Lake,https://tazz.ro/bucuresti/locatie/oro-toro-park-lake/1022/
65,Taco Bell Baneasa,https://tazz.ro/bucuresti/locatie/taco-bell-baneasa/1787/
66,Fabio pizza- Covasna,https://tazz.ro/bucuresti/locatie/fabio-pizza-covasna/2232/
67,My Meal,https://tazz.ro/bucuresti/locatie/my-meal/2983/
68,EVO Food,https://tazz.ro/bucuresti/locatie/evo-food/2234/
69,Sara Green Aviatiei,https://tazz.ro/bucuresti/locatie/sara-green-aviatiei/2432/
70,Il Calcio by Mr. Val Herastrau,https://tazz.ro/bucuresti/locatie/il-calcio-by-mr-val-herastrau/3030/
71,Fabio pizza- Opanez,https://tazz.ro/bucuresti/locatie/fabio-pizza-opanez/2230/
72,Fabio pizza-Vladoianu,https://tazz.ro/bucuresti/locatie/fabio-pizza-vladoianu/2213/
73,Fratellini,https://tazz.ro/bucuresti/locatie/fratellini/1737/
74,Gargantua Kiseleff,https://tazz.ro/bucuresti/locatie/gargantua-kiseleff/2264/
75,Divan Express,https://tazz.ro/bucuresti/locatie/divan-express/2240/
76,Kung Fu King Auchan Titan,https://tazz.ro/bucuresti/locatie/kung-fu-king-auchan-titan/3134/
77,The Journey-Pub,https://tazz.ro/bucuresti/locatie/the-journey-pub/2306/
78,Antoine,https://tazz.ro/bucuresti/locatie/antoine/3169/
79,Il Calcio by Mr. Val Clucerului,https://tazz.ro/bucuresti/locatie/il-calcio-by-mr-val-clucerului/2955/
80,Kung Fu King Titulescu,https://tazz.ro/bucuresti/locatie/kung-fu-king-titulescu/2266/
81,Pizzicato Icoanei,https://tazz.ro/bucuresti/locatie/pizzicato-icoanei/2810/
82,PlescavitaVan,https://tazz.ro/bucuresti/locatie/plescavitavan/2123/
83,Pizzicato Dorobanti,https://tazz.ro/bucuresti/locatie/pizzicato-dorobanti/2551/
84,Pizzicato Victoriei,https://tazz.ro/bucuresti/locatie/pizzicato-victoriei/2200/
85,Dristor Kebap Delivery - Colentina,https://tazz.ro/bucuresti/locatie/dristor-kebap-delivery-colentina/1763/
86,TAQUERIA,https://tazz.ro/bucuresti/locatie/taqueria/1145/
87,Chopstix Ready to Box Unirii,https://tazz.ro/bucuresti/locatie/chopstix-ready-to-box-unirii/1877/
88,Eat Etc Conect,https://tazz.ro/bucuresti/locatie/eat-etc-conect/3226/
89,La Bariera,https://tazz.ro/bucuresti/locatie/la-bariera/3072/
90,YoYo Burger,https://tazz.ro/bucuresti/locatie/yoyo-burger/2182/
91,Camizo,https://tazz.ro/bucuresti/locatie/camizo/1900/
92,Cofetaria Altfel,https://tazz.ro/bucuresti/locatie/cofetaria-altfel/1705/
93,Ciorbe si Placinte Lanariei,https://tazz.ro/bucuresti/locatie/ciorbe-si-placinte-lanariei/2090/
94,Giradiko,https://tazz.ro/bucuresti/locatie/giradiko/952/
95,Trattoria Verdi Victoriei,https://tazz.ro/bucuresti/locatie/trattoria-verdi-victoriei/921/
96,Sensiblu Racari 5,https://tazz.ro/bucuresti/locatie/sensiblu-racari-5/1663/
97,FULL KEBAB Berceni,https://tazz.ro/bucuresti/locatie/full-kebab-berceni/2675/
98,Sushi Home,https://tazz.ro/bucuresti/locatie/sushi-home/2928/
99,Provence Berceni,https://tazz.ro/bucuresti/locatie/provence-berceni/3277/
100,"Sensiblu Victoriei 155, bl. D1",https://tazz.ro/bucuresti/locatie/sensiblu-victoriei-155-bl-d1/1652/
101,Restaurant Dada,https://tazz.ro/bucuresti/locatie/restaurant-dada/1904/
102,Sensiblu Sebastian 88,https://tazz.ro/bucuresti/locatie/sensiblu-sebastian-88/1676/
103,Burgr Factory Iuliu Maniu,https://tazz.ro/bucuresti/locatie/burgr-factory-iuliu-maniu/3268/
104,South Burger Berceni,https://tazz.ro/bucuresti/locatie/south-burger-berceni/1000/
105,"Sensiblu Mihalache 106, Bl 84",https://tazz.ro/bucuresti/locatie/sensiblu-mihalache-106-bl-84/1650/
106,Sensiblu Maniu 140,https://tazz.ro/bucuresti/locatie/sensiblu-maniu-140/1686/
107,Sensiblu Unirii 1,https://tazz.ro/bucuresti/locatie/sensiblu-unirii-1/1665/
108,Fabrica de cafea,https://tazz.ro/bucuresti/locatie/fabrica-de-cafea/985/
109,Sensiblu Spl. Independentei 210B,https://tazz.ro/bucuresti/locatie/sensiblu-spl-independentei-210b/1678/
110,"Sensiblu Mosilor 286,bl 30A",https://tazz.ro/bucuresti/locatie/sensiblu-mosilor-286-bl-30a/1660/
111,Souk,https://tazz.ro/bucuresti/locatie/souk/2706/
112,Bucatarasul cel Dibaci,https://tazz.ro/bucuresti/locatie/bucatarasul-cel-dibaci/2883/
113,Trenta pizza Ghencea,https://tazz.ro/bucuresti/locatie/trenta-pizza-ghencea/2711/
114,Decathlon Berceni,https://tazz.ro/bucuresti/locatie/decathlon-berceni/3101/
115,Toan`s Baneasa,https://tazz.ro/bucuresti/locatie/toan-s-baneasa/2914/
116,Decathlon Obor,https://tazz.ro/bucuresti/locatie/decathlon-obor/3116/
117,Gyros Thessalonikis Titeica,https://tazz.ro/bucuresti/locatie/gyros-thessalonikis-titeica/2427/
118,La Finca By Alioli,https://tazz.ro/bucuresti/locatie/la-finca-by-alioli/1173/
119,Chiftelarie Dorobantilor,https://tazz.ro/bucuresti/locatie/chiftelarie-dorobantilor/3043/
120,Sensiblu Piata Amzei 10-22,https://tazz.ro/bucuresti/locatie/sensiblu-piata-amzei-10-22/1656/
121,33 Pizza,https://tazz.ro/bucuresti/locatie/33-pizza/1052/
122,Trattoria Verdi Unirii,https://tazz.ro/bucuresti/locatie/trattoria-verdi-unirii/920/
123,Trattoria Garibaldi,https://tazz.ro/bucuresti/locatie/trattoria-garibaldi/3164/
124,Opa!-Opa! Greek Food,https://tazz.ro/bucuresti/locatie/opa-opa-greek-food/3009/
125,Poli Apaca Bussiness center,https://tazz.ro/bucuresti/locatie/poli-apaca-bussiness-center/2189/
126,Burger Show Pipera,https://tazz.ro/bucuresti/locatie/burger-show-pipera/3375/
127,Stick it Chinese Chef,https://tazz.ro/bucuresti/locatie/stick-it-chinese-chef/3379/
128,La Rulota-Burgarie si altele Oituz,https://tazz.ro/bucuresti/locatie/la-rulota-burgarie-si-altele-oituz/2996/
129,Toan`s Veranda,https://tazz.ro/bucuresti/locatie/toan-s-veranda/2727/
130,Sensiblu Floreasca 246 B,https://tazz.ro/bucuresti/locatie/sensiblu-floreasca-246-b/1658/
131,Poli Auchan Drumul Taberelor,https://tazz.ro/bucuresti/locatie/poli-auchan-drumul-taberelor/3358/
132,Sensiblu Dealul Bisericii 67,https://tazz.ro/bucuresti/locatie/sensiblu-dealul-bisericii-67/1670/
133,Caru` cu Bere Delivery,https://tazz.ro/bucuresti/locatie/caru-cu-bere-delivery/3384/
134,Flondor Pizza,https://tazz.ro/bucuresti/locatie/flondor-pizza/3370/
135,Chopstix Promenada,https://tazz.ro/bucuresti/locatie/chopstix-promenada/3057/
136,Chopstix Ready to Box AFI Cotroceni,https://tazz.ro/bucuresti/locatie/chopstix-ready-to-box-afi-cotroceni/2236/
137,Taverna Covaci,https://tazz.ro/bucuresti/locatie/taverna-covaci/3200/
138,Sole D`Italia,https://tazz.ro/bucuresti/locatie/sole-d-italia/3250/
139,Birria,https://tazz.ro/bucuresti/locatie/birria/1163/
140,Fire Woks,https://tazz.ro/bucuresti/locatie/fire-woks/781/
141,Ciorbe si Placinte,https://tazz.ro/bucuresti/locatie/ciorbe-si-placinte/2787/
142,Soup Up! Park Lake,https://tazz.ro/bucuresti/locatie/soup-up-park-lake/2130/
143,Hello Donuts & 5 to Go Coffee Park Lake,https://tazz.ro/bucuresti/locatie/hello-donuts-5-to-go-coffee-park-lake/942/
144,Ciorbe si Placinte Mosilor,https://tazz.ro/bucuresti/locatie/ciorbe-si-placinte-mosilor/2091/
145,Trattoria Monza,https://tazz.ro/bucuresti/locatie/trattoria-monza/2422/
146,Burgatoriu,https://tazz.ro/bucuresti/locatie/burgatoriu/2826/
147,Gyros Thessalonikis Maniu,https://tazz.ro/bucuresti/locatie/gyros-thessalonikis-maniu/2458/
148,South Burger Unirii,https://tazz.ro/bucuresti/locatie/south-burger-unirii/999/
149,Porto Gallo Dorobanti,https://tazz.ro/bucuresti/locatie/porto-gallo-dorobanti/2736/
150,Papa de la Șoni,https://tazz.ro/bucuresti/locatie/papa-de-la-soni/2782/
151,Springtime Floreasca,https://tazz.ro/bucuresti/locatie/springtime-floreasca/2293/
152,Porto Gallo Veranda,https://tazz.ro/bucuresti/locatie/porto-gallo-veranda/3248/
153,Chiftelarie Drumul Taberei,https://tazz.ro/bucuresti/locatie/chiftelarie-drumul-taberei/2511/
154,Springtime Gara de Nord,https://tazz.ro/bucuresti/locatie/springtime-gara-de-nord/3160/
155,Jad Sticks Delivery,https://tazz.ro/bucuresti/locatie/jad-sticks-delivery/792/
156,Salad revolution,https://tazz.ro/bucuresti/locatie/salad-revolution/2115/
157,Pita Van,https://tazz.ro/bucuresti/locatie/pita-van/874/
158,Toan`s BNR,https://tazz.ro/bucuresti/locatie/toan-s-bnr/3412/
159,Hello Donuts,https://tazz.ro/bucuresti/locatie/hello-donuts/941/
160,Premium Angus Shop,https://tazz.ro/bucuresti/locatie/premium-angus-shop/1470/
161,La Mosu,https://tazz.ro/bucuresti/locatie/la-mosu/3259/
162,IndiVan Tineretului,https://tazz.ro/bucuresti/locatie/indivan-tineretului/1962/
163,No Name,https://tazz.ro/bucuresti/locatie/no-name/997/
164,Trenta Pizza Tineretului,https://tazz.ro/bucuresti/locatie/trenta-pizza-tineretului/2698/
165,Fomila,https://tazz.ro/bucuresti/locatie/fomila/3356/
166,Gyros Mania,https://tazz.ro/bucuresti/locatie/gyros-mania/3311/
167,Design Floral,https://tazz.ro/bucuresti/locatie/design-floral/3046/
168,The Soup Carousel,https://tazz.ro/bucuresti/locatie/the-soup-carousel/3405/
169,Springtime Victoriei,https://tazz.ro/bucuresti/locatie/springtime-victoriei/2447/
170,Sahin Kebap,https://tazz.ro/bucuresti/locatie/sahin-kebap/3273/
171,Cofetaria Casandra,https://tazz.ro/bucuresti/locatie/cofetaria-casandra/2543/
172,Chopstix Ready to Box Park Lake,https://tazz.ro/bucuresti/locatie/chopstix-ready-to-box-park-lake/1819/
173,Petritis Gyros,https://tazz.ro/bucuresti/locatie/petritis-gyros/3132/
174,Decathlon Iuliu Maniu,https://tazz.ro/bucuresti/locatie/decathlon-iuliu-maniu/3117/
175,Porto Gallo Pipera,https://tazz.ro/bucuresti/locatie/porto-gallo-pipera/3075/
176,Cuibul Randunelelor,https://tazz.ro/bucuresti/locatie/cuibul-randunelelor/3278/
177,Trattoria Verdi Aviatorilor,https://tazz.ro/bucuresti/locatie/trattoria-verdi-aviatorilor/923/
178,Oala lui Vio,https://tazz.ro/bucuresti/locatie/oala-lui-vio/3314/
179,Colt de Rai,https://tazz.ro/bucuresti/locatie/colt-de-rai/3260/
180,Coffee Up,https://tazz.ro/bucuresti/locatie/coffee-up/877/
181,Cetatea din Alep,https://tazz.ro/bucuresti/locatie/cetatea-din-alep/3217/
182,Ciorbe si placinte Iancu de Hunedoara,https://tazz.ro/bucuresti/locatie/ciorbe-si-placinte-iancu-de-hunedoara/940/
183,Restaurant Mode,https://tazz.ro/bucuresti/locatie/restaurant-mode/1903/
184,Chocoloco,https://tazz.ro/bucuresti/locatie/chocoloco/2939/
185,Dristor Kebap Delivery - Sun Plaza,https://tazz.ro/bucuresti/locatie/dristor-kebap-delivery-sun-plaza/1758/
186,Chopstix Ready to Box Orhideea,https://tazz.ro/bucuresti/locatie/chopstix-ready-to-box-orhideea/1818/
187,Burgr factory Dacia,https://tazz.ro/bucuresti/locatie/burgr-factory-dacia/2120/
188,Primus,https://tazz.ro/bucuresti/locatie/primus/2350/
189,Chopstix Ready to Box Feeria,https://tazz.ro/bucuresti/locatie/chopstix-ready-to-box-feeria/1820/
190,Gyros Thessalonikis Chitilei,https://tazz.ro/bucuresti/locatie/gyros-thessalonikis-chitilei/2452/
191,Porto Gallo Victoriei,https://tazz.ro/bucuresti/locatie/porto-gallo-victoriei/3076/
192,La Ciorbe,https://tazz.ro/bucuresti/locatie/la-ciorbe/2770/
193,Arc Bakery,https://tazz.ro/bucuresti/locatie/arc-bakery/3321/
194,Bacania Companion,https://tazz.ro/bucuresti/locatie/bacania-companion/3138/
195,Becker Brau,https://tazz.ro/bucuresti/locatie/becker-brau/3409/
196,Beraria Centrala,https://tazz.ro/bucuresti/locatie/beraria-centrala/3197/
197,Beraria Park 2,https://tazz.ro/bucuresti/locatie/beraria-park-2/3244/
198,Bio Bio Gelato,https://tazz.ro/bucuresti/locatie/bio-bio-gelato/3403/
199,Bucataria lu` Peste,https://tazz.ro/bucuresti/locatie/bucataria-lu-peste/2195/
200,Burger Show Domenii,https://tazz.ro/bucuresti/locatie/burger-show-domenii/2672/
201,Burger UNO.,https://tazz.ro/bucuresti/locatie/burger-uno-/3340/
202,Ciccio Pizza,https://tazz.ro/bucuresti/locatie/ciccio-pizza/2977/
203,Conacul Nobil Decebal,https://tazz.ro/bucuresti/locatie/conacul-nobil-decebal/2252/
204,Conacul Nobil Pache,https://tazz.ro/bucuresti/locatie/conacul-nobil-pache/3305/
205,Decathlon Pallady,https://tazz.ro/bucuresti/locatie/decathlon-pallady/3112/
206,El Pato,https://tazz.ro/bucuresti/locatie/el-pato/3338/
207,Greg`s Pizza,https://tazz.ro/bucuresti/locatie/greg-s-pizza/2956/
208,Hanu` lui Manuc,https://tazz.ro/bucuresti/locatie/hanu-lui-manuc/3387/
209,La Casa Restaurant,https://tazz.ro/bucuresti/locatie/la-casa-restaurant/1198/
210,La o ciorba in Popa Tatu,https://tazz.ro/bucuresti/locatie/la-o-ciorba-in-popa-tatu/2979/
211,Lanach Flavours,https://tazz.ro/bucuresti/locatie/lanach-flavours/3033/
212,Lanach To Go Floreasca,https://tazz.ro/bucuresti/locatie/lanach-to-go-floreasca/2722/
213,Latin Pizza Centrul Vechi,https://tazz.ro/bucuresti/locatie/latin-pizza-centrul-vechi/2758/
214,Latin Pizza Dorobanți,https://tazz.ro/bucuresti/locatie/latin-pizza-dorobanti/2731/
215,Leonidas,https://tazz.ro/bucuresti/locatie/leonidas/3237/
216,Manufaktura Baneasa,https://tazz.ro/bucuresti/locatie/manufaktura-baneasa/3394/
217,Manufaktura Mega Mall,https://tazz.ro/bucuresti/locatie/manufaktura-mega-mall/3390/
218,Manufaktura Promenada,https://tazz.ro/bucuresti/locatie/manufaktura-promenada/3389/
219,Manufaktura Victoriei,https://tazz.ro/bucuresti/locatie/manufaktura-victoriei/3391/
220,Mikflorar,https://tazz.ro/bucuresti/locatie/mikflorar/3247/
221,Noblesse,https://tazz.ro/bucuresti/locatie/noblesse/2975/
222,Pizza Volante,https://tazz.ro/bucuresti/locatie/pizza-volante/3396/
223,Poli gara de nord,https://tazz.ro/bucuresti/locatie/poli-gara-de-nord/2283/
224,Poli Iancului,https://tazz.ro/bucuresti/locatie/poli-iancului/2434/
225,Poli Piata Gorjului,https://tazz.ro/bucuresti/locatie/poli-piata-gorjului/2395/
226,Porkitos & More,https://tazz.ro/bucuresti/locatie/porkitos-more/3302/
227,Provence Iancului,https://tazz.ro/bucuresti/locatie/provence-iancului/2728/
228,Restaurant BBQ La Jar,https://tazz.ro/bucuresti/locatie/restaurant-bbq-la-jar/2433/
229,Retro Pub,https://tazz.ro/bucuresti/locatie/retro-pub/3386/
230,Retro Pub Rock`N Beer,https://tazz.ro/bucuresti/locatie/retro-pub-rock-n-beer/1172/
231,Rotiseria Halal,https://tazz.ro/bucuresti/locatie/rotiseria-halal/989/
232,"Sensiblu 1 Decembrie 33A, C32Bis",https://tazz.ro/bucuresti/locatie/sensiblu-1-decembrie-33a-c32bis/1668/
233,Sensiblu Alexandriei 152,https://tazz.ro/bucuresti/locatie/sensiblu-alexandriei-152/1674/
234,"Sensiblu Brancoveanu 114, bl M1",https://tazz.ro/bucuresti/locatie/sensiblu-brancoveanu-114-bl-m1/1671/
235,Sensiblu Brasov 25,https://tazz.ro/bucuresti/locatie/sensiblu-brasov-25/1683/
236,Sensiblu Buc-Ploiesti 44,https://tazz.ro/bucuresti/locatie/sensiblu-buc-ploiesti-44/1653/
237,Sensiblu Bucurestii Noi 50B,https://tazz.ro/bucuresti/locatie/sensiblu-bucurestii-noi-50b/1655/
238,Sensiblu Carrefour 1,https://tazz.ro/bucuresti/locatie/sensiblu-carrefour-1/1726/
239,Sensiblu Carrefour Corbeanca,https://tazz.ro/bucuresti/locatie/sensiblu-carrefour-corbeanca/1723/
240,Sensiblu Colentina 426-426A,https://tazz.ro/bucuresti/locatie/sensiblu-colentina-426-426a/1659/
241,"Sensiblu Constructorilor 16A,",https://tazz.ro/bucuresti/locatie/sensiblu-constructorilor-16a-/1680/
242,Sensiblu Ferentari 62,https://tazz.ro/bucuresti/locatie/sensiblu-ferentari-62/1675/
243,"Sensiblu Grigorescu 20, Bl CA14",https://tazz.ro/bucuresti/locatie/sensiblu-grigorescu-20-bl-ca14/1666/
244,Sensiblu Maniu 560 A,https://tazz.ro/bucuresti/locatie/sensiblu-maniu-560-a/1685/
245,Sensiblu Nicolae G.Caramfil 85A,https://tazz.ro/bucuresti/locatie/sensiblu-nicolae-g-caramfil-85a/1657/
246,Sensiblu Oltenitei 388,https://tazz.ro/bucuresti/locatie/sensiblu-oltenitei-388/1672/
247,Sensiblu Oltenitei 83,https://tazz.ro/bucuresti/locatie/sensiblu-oltenitei-83/1673/
248,Sensiblu Pallady 51,https://tazz.ro/bucuresti/locatie/sensiblu-pallady-51/1667/
249,Sensiblu Pierre Coubertin 3-5,https://tazz.ro/bucuresti/locatie/sensiblu-pierre-coubertin-3-5/1664/
250,"Sensiblu Radu Beller 6, bl 20B",https://tazz.ro/bucuresti/locatie/sensiblu-radu-beller-6-bl-20b/1654/
251,Sensiblu Sebastian 88 Vulcan,https://tazz.ro/bucuresti/locatie/sensiblu-sebastian-88-vulcan/1677/
252,Sensiblu Taberei 18,https://tazz.ro/bucuresti/locatie/sensiblu-taberei-18/1682/
253,"Sensiblu Taberei 82, Bl C16",https://tazz.ro/bucuresti/locatie/sensiblu-taberei-82-bl-c16/1681/
254,Sensiblu Timisoara 26,https://tazz.ro/bucuresti/locatie/sensiblu-timisoara-26/1687/
255,Sensiblu Valea Cascadelor 3,https://tazz.ro/bucuresti/locatie/sensiblu-valea-cascadelor-3/1684/
256,Sensiblu Vasile Milea4,https://tazz.ro/bucuresti/locatie/sensiblu-vasile-milea4/1679/
257,Sensiblu Vergului 20,https://tazz.ro/bucuresti/locatie/sensiblu-vergului-20/1661/
258,Sensiblu Vitan 55,https://tazz.ro/bucuresti/locatie/sensiblu-vitan-55/1669/
259,Shawarma Corner,https://tazz.ro/bucuresti/locatie/shawarma-corner/3335/
260,Soup Up! - Baneasa Shopping City,https://tazz.ro/bucuresti/locatie/soup-up-baneasa-shopping-city/2365/
261,Soup up! - Piata Amzei,https://tazz.ro/bucuresti/locatie/soup-up-piata-amzei/2409/
262,Texas BBQ,https://tazz.ro/bucuresti/locatie/texas-bbq/2362/
263,Toan`s Magheru,https://tazz.ro/bucuresti/locatie/toan-s-magheru/2703/
264,Toan`s Promenada,https://tazz.ro/bucuresti/locatie/toan-s-promenada/2915/
265,Trattoria Buongiorno Primaverii,https://tazz.ro/bucuresti/locatie/trattoria-buongiorno-primaverii/2238/
266,Trattoria Buongiorno Victoriei,https://tazz.ro/bucuresti/locatie/trattoria-buongiorno-victoriei/2141/
267,Trenta Pizza Aviatiei,https://tazz.ro/bucuresti/locatie/trenta-pizza-aviatiei/3315/
268,Trenta Pizza Berceni,https://tazz.ro/bucuresti/locatie/trenta-pizza-berceni/2780/
269,Trenta pizza Delea Noua,https://tazz.ro/bucuresti/locatie/trenta-pizza-delea-noua/2781/
270,Trenta Pizza Popesti-Leordeni,https://tazz.ro/bucuresti/locatie/trenta-pizza-popesti-leordeni/2926/
271,Trenta Pizza Titan,https://tazz.ro/bucuresti/locatie/trenta-pizza-titan/3316/
272,Trenta Pizza Uverturii,https://tazz.ro/bucuresti/locatie/trenta-pizza-uverturii/3317/
273,Ugatti,https://tazz.ro/bucuresti/locatie/ugatti/1536/
274,Zuma,https://tazz.ro/bucuresti/locatie/zuma/3281/
275,Coffee Shop & Burger,https://tazz.ro/bucuresti/locatie/coffee-shop-burger/2689/
276,Old Mike Pub,https://tazz.ro/bucuresti/locatie/old-mike-pub/859/
277,Gargantua Park,https://tazz.ro/bucuresti/locatie/gargantua-park/2816/
278,Pizza Bonita Militari,https://tazz.ro/bucuresti/locatie/pizza-bonita-militari/3218/
279,Zeama Buna,https://tazz.ro/bucuresti/locatie/zeama-buna/737/
280,Gargantua Dorobantilor,https://tazz.ro/bucuresti/locatie/gargantua-dorobantilor/2381/
281,Pizza Bonita Vulcan,https://tazz.ro/bucuresti/locatie/pizza-bonita-vulcan/3220/
282,eMAG Baneasa,https://tazz.ro/bucuresti/locatie/emag-baneasa/1457/
283,eMAG Titan,https://tazz.ro/bucuresti/locatie/emag-titan/1498/
284,eMAG Crangasi,https://tazz.ro/bucuresti/locatie/emag-crangasi/1499/
285,Rigatoni Pasta Bar ParkLake,https://tazz.ro/bucuresti/locatie/rigatoni-pasta-bar-parklake/3146/
286,Tasty Box,https://tazz.ro/bucuresti/locatie/tasty-box/655/
287,Dr.Max Brancoveanu 110 B,https://tazz.ro/bucuresti/locatie/dr-max-brancoveanu-110-b/1620/
288,Sushi Master Bucuresti,https://tazz.ro/bucuresti/locatie/sushi-master-bucuresti/810/
289,Casual Pub,https://tazz.ro/bucuresti/locatie/casual-pub/869/
290,dm drogerie markt Bucuresti,https://tazz.ro/bucuresti/locatie/dm-drogerie-markt-bucuresti/1806/
291,Dr.Max Piata Amzei 10-22,https://tazz.ro/bucuresti/locatie/dr-max-piata-amzei-10-22/1601/
292,Restaurant You & Me,https://tazz.ro/bucuresti/locatie/restaurant-you-me/834/
293,Dr.Max Mihai Bravu 107-119,https://tazz.ro/bucuresti/locatie/dr-max-mihai-bravu-107-119/1611/
294,D20,https://tazz.ro/bucuresti/locatie/d20/794/
295,Bella Napoli,https://tazz.ro/bucuresti/locatie/bella-napoli/755/
296,La Mavro Berceni,https://tazz.ro/bucuresti/locatie/la-mavro-berceni/711/
297,Pizza Bonita Colosseum,https://tazz.ro/bucuresti/locatie/pizza-bonita-colosseum/3225/
298,Rigatoni Pasta Bar AFI Cotroceni,https://tazz.ro/bucuresti/locatie/rigatoni-pasta-bar-afi-cotroceni/3145/
299,Xanadu,https://tazz.ro/bucuresti/locatie/xanadu/705/
300,SushiVo Feeria,https://tazz.ro/bucuresti/locatie/sushivo-feeria/3147/
301,Crosto Pizza,https://tazz.ro/bucuresti/locatie/crosto-pizza/719/
302,7food,https://tazz.ro/bucuresti/locatie/7food/681/
303,Rigatoni Pasta Bar Feeria,https://tazz.ro/bucuresti/locatie/rigatoni-pasta-bar-feeria/3141/
304,Nicole Catering,https://tazz.ro/bucuresti/locatie/nicole-catering/797/
305,Ruby Tuesday,https://tazz.ro/bucuresti/locatie/ruby-tuesday/840/
306,Taksim Sun Plaza,https://tazz.ro/bucuresti/locatie/taksim-sun-plaza/2491/
307,Taksim-Baneasa,https://tazz.ro/bucuresti/locatie/taksim-baneasa/2494/
308,Art Cakes,https://tazz.ro/bucuresti/locatie/art-cakes/2700/
309,"Dr.Max 1 Decembrie 53, Bl. P2",https://tazz.ro/bucuresti/locatie/dr-max-1-decembrie-53-bl-p2/1613/
310,Dr.Max Alexandriei 78 bl PC9,https://tazz.ro/bucuresti/locatie/dr-max-alexandriei-78-bl-pc9/1627/
311,"Dr.Max Calea Mosilor 217, 23",https://tazz.ro/bucuresti/locatie/dr-max-calea-mosilor-217-23/1608/
312,Dr.Max Calea Vacaresti 201,https://tazz.ro/bucuresti/locatie/dr-max-calea-vacaresti-201/1626/
313,Dr.Max Camil Ressu 41,https://tazz.ro/bucuresti/locatie/dr-max-camil-ressu-41/1619/
314,"Dr.Max Ceahlau 22, Bl 104",https://tazz.ro/bucuresti/locatie/dr-max-ceahlau-22-bl-104/1629/
315,Dr.Max Colentina 6,https://tazz.ro/bucuresti/locatie/dr-max-colentina-6/1605/
316,Dr.Max Colentina 76 bl 111,https://tazz.ro/bucuresti/locatie/dr-max-colentina-76-bl-111/1603/
317,"Dr.Max Doamna Ghica 8, Bl 2",https://tazz.ro/bucuresti/locatie/dr-max-doamna-ghica-8-bl-2/1604/
318,Dr.Max Drumul Taberei 24,https://tazz.ro/bucuresti/locatie/dr-max-drumul-taberei-24/1631/
319,"Dr.Max Giurgiului 123, Bl. 4B",https://tazz.ro/bucuresti/locatie/dr-max-giurgiului-123-bl-4b/1622/
320,Dr.Max Ion Mihalache 343,https://tazz.ro/bucuresti/locatie/dr-max-ion-mihalache-343/1593/
321,Dr.Max Ion Mihalache 60,https://tazz.ro/bucuresti/locatie/dr-max-ion-mihalache-60/1596/
322,"Dr.Max Maniu 67, bl 6",https://tazz.ro/bucuresti/locatie/dr-max-maniu-67-bl-6/1633/
323,Dr.Max Mihai Bravu nr 288,https://tazz.ro/bucuresti/locatie/dr-max-mihai-bravu-nr-288/1615/
324,"Dr.Max N. Grigorescu 31A, N21",https://tazz.ro/bucuresti/locatie/dr-max-n-grigorescu-31a-n21/1618/
325,Dr.Max Nicolae Grigorescu 2,https://tazz.ro/bucuresti/locatie/dr-max-nicolae-grigorescu-2/1614/
326,Dr.Max Obregia 31,https://tazz.ro/bucuresti/locatie/dr-max-obregia-31/1623/
327,"Dr.Max Pantelimon 245, bl 51",https://tazz.ro/bucuresti/locatie/dr-max-pantelimon-245-bl-51/1609/
328,"Dr.Max Pantelimon 356, Bl 1",https://tazz.ro/bucuresti/locatie/dr-max-pantelimon-356-bl-1/1610/
329,Dr.Max Pipera nr. 7,https://tazz.ro/bucuresti/locatie/dr-max-pipera-nr-7/1602/
330,Dr.Max Racovita 22A,https://tazz.ro/bucuresti/locatie/dr-max-racovita-22a/1621/
331,Dr.Max Radu Beller 3-7,https://tazz.ro/bucuresti/locatie/dr-max-radu-beller-3-7/1595/
332,Dr.Max Rahovei 297 Bl.72A,https://tazz.ro/bucuresti/locatie/dr-max-rahovei-297-bl-72a/1628/
333,Dr.Max Rebreanu 4,https://tazz.ro/bucuresti/locatie/dr-max-rebreanu-4/1616/
334,Dr.Max Stefan Cel Mare 1-3,https://tazz.ro/bucuresti/locatie/dr-max-stefan-cel-mare-1-3/1594/
335,"Dr.Max Stefan cel Mare 48,35A",https://tazz.ro/bucuresti/locatie/dr-max-stefan-cel-mare-48-35a/1612/
336,"Dr.Max Titel Petrescu 2, C62",https://tazz.ro/bucuresti/locatie/dr-max-titel-petrescu-2-c62/1632/
337,"Dr.Max Tulnici 2, Bl.47",https://tazz.ro/bucuresti/locatie/dr-max-tulnici-2-bl-47/1625/
338,"Dr.Max Unirii 27, bl 15",https://tazz.ro/bucuresti/locatie/dr-max-unirii-27-bl-15/1617/
339,Dr.Max Vacarescu 120,https://tazz.ro/bucuresti/locatie/dr-max-vacarescu-120/1606/
340,iMark Sistem,https://tazz.ro/bucuresti/locatie/imark-sistem/2473/
341,La foc iute,https://tazz.ro/bucuresti/locatie/la-foc-iute/657/
342,Pizzeria da Michele,https://tazz.ro/bucuresti/locatie/pizzeria-da-michele/752/
343,Sushi Master Bucuresti Halelor,https://tazz.ro/bucuresti/locatie/sushi-master-bucuresti-halelor/3239/
344,Vitacom Electronics Bucuresti,https://tazz.ro/bucuresti/locatie/vitacom-electronics-bucuresti/3038/
345,Hard Rock Cafe Bucharest,https://tazz.ro/bucuresti/locatie/hard-rock-cafe-bucharest/2140/
346,Poesia,https://tazz.ro/bucuresti/locatie/poesia/1940/
347,Fiori,https://tazz.ro/bucuresti/locatie/fiori/1949/
348,Scandia Sibiu Vitan,https://tazz.ro/bucuresti/locatie/scandia-sibiu-vitan/3126/
349,Resto Aperto,https://tazz.ro/bucuresti/locatie/resto-aperto/2244/
350,Scandia Sibiu Baneasa,https://tazz.ro/bucuresti/locatie/scandia-sibiu-baneasa/3124/
351,Fry Away - Belgian Fries,https://tazz.ro/bucuresti/locatie/fry-away-belgian-fries/2898/
352,Salad Box Baneasa,https://tazz.ro/bucuresti/locatie/salad-box-baneasa/2218/
353,Osho,https://tazz.ro/bucuresti/locatie/osho/2129/
354,IndiVan Aviatiei,https://tazz.ro/bucuresti/locatie/indivan-aviatiei/1968/
355,Yoshi,https://tazz.ro/bucuresti/locatie/yoshi/2089/
356,Mexican Bizness - Gradina Dorobanti,https://tazz.ro/bucuresti/locatie/mexican-bizness-gradina-dorobanti/2897/
357,Mamizza,https://tazz.ro/bucuresti/locatie/mamizza/2154/
358,Zen sushi Caramfil,https://tazz.ro/bucuresti/locatie/zen-sushi-caramfil/3229/
359,Zen sushi Tineretului,https://tazz.ro/bucuresti/locatie/zen-sushi-tineretului/2119/
360,Pasta del Popolo,https://tazz.ro/bucuresti/locatie/pasta-del-popolo/2157/
361,Camionetta pizzeria baneasa,https://tazz.ro/bucuresti/locatie/camionetta-pizzeria-baneasa/2165/
362,Kanpai,https://tazz.ro/bucuresti/locatie/kanpai/2160/
363,Booze by Ursus,https://tazz.ro/bucuresti/locatie/booze-by-ursus/1969/
364,Fomizza,https://tazz.ro/bucuresti/locatie/fomizza/2107/
365,Magazin Hard Rock Cafe,https://tazz.ro/bucuresti/locatie/magazin-hard-rock-cafe/3118/
366,Casa di David,https://tazz.ro/bucuresti/locatie/casa-di-david/2233/
367,Just bite,https://tazz.ro/bucuresti/locatie/just-bite/1970/
368,Japanos Floreasca,https://tazz.ro/bucuresti/locatie/japanos-floreasca/2933/
369,Japanos Victoriei,https://tazz.ro/bucuresti/locatie/japanos-victoriei/1040/
370,Zen sushi Dorobanti,https://tazz.ro/bucuresti/locatie/zen-sushi-dorobanti/2114/
371,The Bazaar,https://tazz.ro/bucuresti/locatie/the-bazaar/2943/
372,Cherhanaua Ancora,https://tazz.ro/bucuresti/locatie/cherhanaua-ancora/1942/
373,Ză Lokal,https://tazz.ro/bucuresti/locatie/za-lokal/784/
374,Burger Van Bistro,https://tazz.ro/bucuresti/locatie/burger-van-bistro/1801/
375,Pizzeria La Coco,https://tazz.ro/bucuresti/locatie/pizzeria-la-coco/3149/
376,Oro Toro Floreasca,https://tazz.ro/bucuresti/locatie/oro-toro-floreasca/2137/
377,Dream Pizza,https://tazz.ro/bucuresti/locatie/dream-pizza/3171/
378,Zeama Buna Sisești,https://tazz.ro/bucuresti/locatie/zeama-buna-sisesti/864/
379,Shaormeria BNC,https://tazz.ro/bucuresti/locatie/shaormeria-bnc/3166/
380,Pep&Pepper Plaza,https://tazz.ro/bucuresti/locatie/pep-pepper-plaza/2336/
381,Zen Sushi Victoriei,https://tazz.ro/bucuresti/locatie/zen-sushi-victoriei/2111/
382,In Mici We Trust,https://tazz.ro/bucuresti/locatie/in-mici-we-trust/1967/
383,Burger Van Home,https://tazz.ro/bucuresti/locatie/burger-van-home/1802/
384,Bucataria Din Popesti,https://tazz.ro/bucuresti/locatie/bucataria-din-popesti/3175/
385,Check In Longue,https://tazz.ro/bucuresti/locatie/check-in-longue/3177/
386,Del Popolo shop,https://tazz.ro/bucuresti/locatie/del-popolo-shop/2152/
387,Fratellini Delivery,https://tazz.ro/bucuresti/locatie/fratellini-delivery/1739/
388,La Brasserie Bistro&Lounge,https://tazz.ro/bucuresti/locatie/la-brasserie-bistro-lounge/2205/
389,Zen Sushi Sarroglia,https://tazz.ro/bucuresti/locatie/zen-sushi-sarroglia/2108/
390,Balls,https://tazz.ro/bucuresti/locatie/balls/2796/
391,Paine si Vin,https://tazz.ro/bucuresti/locatie/paine-si-vin/2307/
392,Sugubat,https://tazz.ro/bucuresti/locatie/sugubat/1803/
393,Xi Lai,https://tazz.ro/bucuresti/locatie/xi-lai/2418/
394,El Bacha,https://tazz.ro/bucuresti/locatie/el-bacha/875/
395,Gelato D`Amore,https://tazz.ro/bucuresti/locatie/gelato-d-amore/1800/
396,Energiea,https://tazz.ro/bucuresti/locatie/energiea/2263/
397,Trattoria Fresca,https://tazz.ro/bucuresti/locatie/trattoria-fresca/863/
398,La Rulota Burgarie si altele,https://tazz.ro/bucuresti/locatie/la-rulota-burgarie-si-altele/1891/
399,Hanul Hangitei,https://tazz.ro/bucuresti/locatie/hanul-hangitei/913/
400,Dulcegaria,https://tazz.ro/bucuresti/locatie/dulcegaria/3131/
401,J’ai Bistrot,https://tazz.ro/bucuresti/locatie/j-ai-bistrot/3176/
402,Butoiul cu inghetata,https://tazz.ro/bucuresti/locatie/butoiul-cu-inghetata/2092/
403,Club Expirat,https://tazz.ro/bucuresti/locatie/club-expirat/3307/
404,Gourmet Street Food,https://tazz.ro/bucuresti/locatie/gourmet-street-food/3140/
405,Draft Pub,https://tazz.ro/bucuresti/locatie/draft-pub/3246/
406,Red Angus Steakhouse,https://tazz.ro/bucuresti/locatie/red-angus-steakhouse/2680/
407,Kilkenny Irish Pub,https://tazz.ro/bucuresti/locatie/kilkenny-irish-pub/3294/
408,Eat Baneasa,https://tazz.ro/bucuresti/locatie/eat-baneasa/1879/
409,Stick It Chinese Chef,https://tazz.ro/bucuresti/locatie/stick-it-chinese-chef/3378/
410,"Sit, Eat - Creative Burgers",https://tazz.ro/bucuresti/locatie/sit-eat-creative-burgers/1939/
411,Costelaria Nord,https://tazz.ro/bucuresti/locatie/costelaria-nord/2920/
412,Camionetta timpuri noi,https://tazz.ro/bucuresti/locatie/camionetta-timpuri-noi/2170/
413,Berestroika,https://tazz.ro/bucuresti/locatie/berestroika/906/
414,Rocca by The Jar,https://tazz.ro/bucuresti/locatie/rocca-by-the-jar/878/
415,DaBeef,https://tazz.ro/bucuresti/locatie/dabeef/2138/
416,Restaurant Minish,https://tazz.ro/bucuresti/locatie/restaurant-minish/843/
417,Pescaderia by Alioli Bucuresti,https://tazz.ro/bucuresti/locatie/pescaderia-by-alioli-bucuresti/1976/
418,BO$$ Mini Burgers Mega mall,https://tazz.ro/bucuresti/locatie/bo-mini-burgers-mega-mall/3051/
419,Nikos Greek Taverna,https://tazz.ro/bucuresti/locatie/nikos-greek-taverna/804/
420,Maize,https://tazz.ro/bucuresti/locatie/maize/3253/
421,Pizza PPH Viilor,https://tazz.ro/bucuresti/locatie/pizza-pph-viilor/1038/
422,Stadio – Park,https://tazz.ro/bucuresti/locatie/stadio-park/2993/
423,La Jar,https://tazz.ro/bucuresti/locatie/la-jar/667/
424,Pizza PPH Lirei,https://tazz.ro/bucuresti/locatie/pizza-pph-lirei/1039/
425,Japanos Selari,https://tazz.ro/bucuresti/locatie/japanos-selari/1041/
426,Burger Station,https://tazz.ro/bucuresti/locatie/burger-station/912/
427,La Placinte Titulescu,https://tazz.ro/bucuresti/locatie/la-placinte-titulescu/939/
428,Vienna Original Wiener Wurst,https://tazz.ro/bucuresti/locatie/vienna-original-wiener-wurst/998/
429,Burgerlords,https://tazz.ro/bucuresti/locatie/burgerlords/3129/
430,Pizzeria Mamma Mia,https://tazz.ro/bucuresti/locatie/pizzeria-mamma-mia/981/
431,Victory Burger,https://tazz.ro/bucuresti/locatie/victory-burger/3130/
432,Corvaris,https://tazz.ro/bucuresti/locatie/corvaris/958/
433,eMAG Lego Baneasa,https://tazz.ro/bucuresti/locatie/emag-lego-baneasa/1708/
434,Karamna,https://tazz.ro/bucuresti/locatie/karamna/982/
435,Switch. Eat At Home,https://tazz.ro/bucuresti/locatie/switch-eat-at-home/3377/
436,Terasa Privighetorilor,https://tazz.ro/bucuresti/locatie/terasa-privighetorilor/905/
437,Restaurant Mandaloun,https://tazz.ro/bucuresti/locatie/restaurant-mandaloun/3348/
438,Stadio – Unirii,https://tazz.ro/bucuresti/locatie/stadio-unirii/2995/
439,Mr. Purceluș,https://tazz.ro/bucuresti/locatie/mr-purcelus/829/
440,Nabu,https://tazz.ro/bucuresti/locatie/nabu/935/
441,Hot Woks,https://tazz.ro/bucuresti/locatie/hot-woks/800/
442,Tasty Decebal,https://tazz.ro/bucuresti/locatie/tasty-decebal/854/
443,BO$$ Mini Burgers Afi,https://tazz.ro/bucuresti/locatie/bo-mini-burgers-afi/2673/
444,Chocoloco Universitate,https://tazz.ro/bucuresti/locatie/chocoloco-universitate/2957/
445,Savuro,https://tazz.ro/bucuresti/locatie/savuro/924/
446,Arabesk,https://tazz.ro/bucuresti/locatie/arabesk/844/
447,Gyros Thessalonikis Gabroveni,https://tazz.ro/bucuresti/locatie/gyros-thessalonikis-gabroveni/2097/
448,Ad Hoc,https://tazz.ro/bucuresti/locatie/ad-hoc/3240/
449,#PizzaGram,https://tazz.ro/bucuresti/locatie/-pizzagram/1053/
450,Memo Kebab,https://tazz.ro/bucuresti/locatie/memo-kebab/808/
451,Chimney Cake Factory,https://tazz.ro/bucuresti/locatie/chimney-cake-factory/3077/
452,Ribs Bar&Grill,https://tazz.ro/bucuresti/locatie/ribs-bar-grill/2255/
453,Mao Pub,https://tazz.ro/bucuresti/locatie/mao-pub/3251/
454,#Aici,https://tazz.ro/bucuresti/locatie/-aici/3306/
455,Atelier Chef Silviu Nedelea,https://tazz.ro/bucuresti/locatie/atelier-chef-silviu-nedelea/3182/
456,Bolta Rece,https://tazz.ro/bucuresti/locatie/bolta-rece/3170/
457,Burger God,https://tazz.ro/bucuresti/locatie/burger-god/3303/
458,Ciorbe Salate Citysoup Mihai Bravu,https://tazz.ro/bucuresti/locatie/ciorbe-salate-citysoup-mihai-bravu/2875/
459,Ciorbe si Salate House of Soup Mihai Bravu,https://tazz.ro/bucuresti/locatie/ciorbe-si-salate-house-of-soup-mihai-bravu/3127/
460,Ciorbescu S,https://tazz.ro/bucuresti/locatie/ciorbescu-s/1199/
461,Clatitaria Nord,https://tazz.ro/bucuresti/locatie/clatitaria-nord/1299/
462,Crama Hanul Hangitei,https://tazz.ro/bucuresti/locatie/crama-hanul-hangitei/3256/
463,Flip Flop,https://tazz.ro/bucuresti/locatie/flip-flop/1297/
464,FULL KEBAB Vitan,https://tazz.ro/bucuresti/locatie/full-kebab-vitan/3133/
465,Garden8,https://tazz.ro/bucuresti/locatie/garden8/1341/
466,Glucoza Bar,https://tazz.ro/bucuresti/locatie/glucoza-bar/3353/
467,Jadoo,https://tazz.ro/bucuresti/locatie/jadoo/1129/
468,John`s Pub,https://tazz.ro/bucuresti/locatie/john-s-pub/1319/
469,La Vitrine,https://tazz.ro/bucuresti/locatie/la-vitrine/3352/
470,Lunch & Diner,https://tazz.ro/bucuresti/locatie/lunch-diner/3381/
471,My sushi,https://tazz.ro/bucuresti/locatie/my-sushi/856/
472,Pep&Pepper Afi,https://tazz.ro/bucuresti/locatie/pep-pepper-afi/2258/
473,Pizza PPH Sipetului,https://tazz.ro/bucuresti/locatie/pizza-pph-sipetului/1037/
474,Pizzeria Brothers,https://tazz.ro/bucuresti/locatie/pizzeria-brothers/899/
475,Pizzeria lui Antonio,https://tazz.ro/bucuresti/locatie/pizzeria-lui-antonio/1346/
476,Salad Box ParkLake,https://tazz.ro/bucuresti/locatie/salad-box-parklake/2541/
477,Shoteria Distilerry - Shop online de bauturi,https://tazz.ro/bucuresti/locatie/shoteria-distilerry-shop-online-de-bauturi/3343/
478,Shoteria Statia de prima alcoolizare,https://tazz.ro/bucuresti/locatie/shoteria-statia-de-prima-alcoolizare/3342/
479,Shoteria Statia de prima alcoolizare Selari,https://tazz.ro/bucuresti/locatie/shoteria-statia-de-prima-alcoolizare-selari/3344/
480,St. Patrick Irish Pub,https://tazz.ro/bucuresti/locatie/st-patrick-irish-pub/3293/
481,Statia Litoral de la Shoteria,https://tazz.ro/bucuresti/locatie/statia-litoral-de-la-shoteria/3341/
482,Steak Me Home,https://tazz.ro/bucuresti/locatie/steak-me-home/3380/
483,Street Chefs AFI,https://tazz.ro/bucuresti/locatie/street-chefs-afi/908/
484,Switch. Eat Bistro,https://tazz.ro/bucuresti/locatie/switch-eat-bistro/3371/
485,Terasa la Elvis,https://tazz.ro/bucuresti/locatie/terasa-la-elvis/1326/
486,Trattoria Roma,https://tazz.ro/bucuresti/locatie/trattoria-roma/2724/
487,Vacanta Culinara,https://tazz.ro/bucuresti/locatie/vacanta-culinara/3285/
488,Villa Bellagio,https://tazz.ro/bucuresti/locatie/villa-bellagio/1138/
489,Vivolis,https://tazz.ro/bucuresti/locatie/vivolis/1066/
490,Furgoneta Pipera,https://tazz.ro/bucuresti/locatie/furgoneta-pipera/1829/
491,Uncle John Sun Plaza,https://tazz.ro/bucuresti/locatie/uncle-john-sun-plaza/767/
492,The Globe Pub,https://tazz.ro/bucuresti/locatie/the-globe-pub/827/
493,Pizza Bonita Parklake,https://tazz.ro/bucuresti/locatie/pizza-bonita-parklake/3221/
494,Furgoneta Militari,https://tazz.ro/bucuresti/locatie/furgoneta-militari/1828/
495,Furgoneta Piata Victoriei,https://tazz.ro/bucuresti/locatie/furgoneta-piata-victoriei/1826/
496,Mr. Obelix Moșilor,https://tazz.ro/bucuresti/locatie/mr-obelix-mosilor/799/
497,Restaurant Divin,https://tazz.ro/bucuresti/locatie/restaurant-divin/760/
498,Smart Bistro,https://tazz.ro/bucuresti/locatie/smart-bistro/809/
499,Trattoria La Nostalgia,https://tazz.ro/bucuresti/locatie/trattoria-la-nostalgia/738/
500,Restaurant Dristor,https://tazz.ro/bucuresti/locatie/restaurant-dristor/787/
501,Hot Grill Cafe,https://tazz.ro/bucuresti/locatie/hot-grill-cafe/758/
502,PadThai,https://tazz.ro/bucuresti/locatie/padthai/762/
503,Pizza Bonita Strip Mall,https://tazz.ro/bucuresti/locatie/pizza-bonita-strip-mall/3223/
504,FoodVibe,https://tazz.ro/bucuresti/locatie/foodvibe/753/
505,Zeppelin Pub,https://tazz.ro/bucuresti/locatie/zeppelin-pub/1804/
506,Taverna Fierarilor,https://tazz.ro/bucuresti/locatie/taverna-fierarilor/695/
507,Schnitzeria,https://tazz.ro/bucuresti/locatie/schnitzeria/687/
508,Sushi House Delivery,https://tazz.ro/bucuresti/locatie/sushi-house-delivery/714/
509,Have a Cigar Pub,https://tazz.ro/bucuresti/locatie/have-a-cigar-pub/1839/
510,Pizza & Shaorma Delivery,https://tazz.ro/bucuresti/locatie/pizza-shaorma-delivery/724/
511,Capri Pizza,https://tazz.ro/bucuresti/locatie/capri-pizza/670/
512,Uncle John Park Lake,https://tazz.ro/bucuresti/locatie/uncle-john-park-lake/768/
513,Taksim Park Lake,https://tazz.ro/bucuresti/locatie/taksim-park-lake/2484/
514,Sushi Time,https://tazz.ro/bucuresti/locatie/sushi-time/836/
515,Uncle John Pipera,https://tazz.ro/bucuresti/locatie/uncle-john-pipera/769/
516,Vatra Satului,https://tazz.ro/bucuresti/locatie/vatra-satului/723/
517,Pizzeria La Strada,https://tazz.ro/bucuresti/locatie/pizzeria-la-strada/666/
518,Plan B,https://tazz.ro/bucuresti/locatie/plan-b/684/
519,Sushi Garden,https://tazz.ro/bucuresti/locatie/sushi-garden/686/
520,Greek Souvlaki,https://tazz.ro/bucuresti/locatie/greek-souvlaki/703/
521,Casa Nașului,https://tazz.ro/bucuresti/locatie/casa-nasului/780/
522,Taksim Afi Cotroceni,https://tazz.ro/bucuresti/locatie/taksim-afi-cotroceni/2171/
523,Delicios Food,https://tazz.ro/bucuresti/locatie/delicios-food/722/
524,La Gafe,https://tazz.ro/bucuresti/locatie/la-gafe/660/
525,Alexia Garden,https://tazz.ro/bucuresti/locatie/alexia-garden/779/
526,MyMeal,https://tazz.ro/bucuresti/locatie/mymeal/654/
527,Uncle John Plaza,https://tazz.ro/bucuresti/locatie/uncle-john-plaza/771/
528,La Proțap,https://tazz.ro/bucuresti/locatie/la-protap/725/
529,High Life Tavern & Pub,https://tazz.ro/bucuresti/locatie/high-life-tavern-pub/665/
530,Trattoria Planet,https://tazz.ro/bucuresti/locatie/trattoria-planet/715/
531,Coltu` Berarilor,https://tazz.ro/bucuresti/locatie/coltu-berarilor/702/
532,Corner Delivery,https://tazz.ro/bucuresti/locatie/corner-delivery/676/
533,French Bakery,https://tazz.ro/bucuresti/locatie/french-bakery/661/
534,Pizza Bonita Auchan Titan,https://tazz.ro/bucuresti/locatie/pizza-bonita-auchan-titan/3222/
535,Old Brick Pub,https://tazz.ro/bucuresti/locatie/old-brick-pub/766/
536,Hashtag Pub,https://tazz.ro/bucuresti/locatie/hashtag-pub/772/
537,La Ceaune,https://tazz.ro/bucuresti/locatie/la-ceaune/669/
538,Emerald Food,https://tazz.ro/bucuresti/locatie/emerald-food/678/
539,Il Matterello,https://tazz.ro/bucuresti/locatie/il-matterello/674/
540,Dorobanț,https://tazz.ro/bucuresti/locatie/dorobant/671/
541,Restaurant Luca’s,https://tazz.ro/bucuresti/locatie/restaurant-luca-s/764/
542,Mâncare cu Ștaif,https://tazz.ro/bucuresti/locatie/mancare-cu-staif/653/
543,21 Pub Innovator,https://tazz.ro/bucuresti/locatie/21-pub-innovator/754/
544,Allegria Drinks & Pizza,https://tazz.ro/bucuresti/locatie/allegria-drinks-pizza/788/
545,Apetitus,https://tazz.ro/bucuresti/locatie/apetitus/740/
546,Borsalino,https://tazz.ro/bucuresti/locatie/borsalino/673/
547,Casa Bachus,https://tazz.ro/bucuresti/locatie/casa-bachus/685/
548,Czech In Square Pub,https://tazz.ro/bucuresti/locatie/czech-in-square-pub/873/
549,Dr.Max Pantelimon 244-246,https://tazz.ro/bucuresti/locatie/dr-max-pantelimon-244-246/1607/
550,Grecopolis,https://tazz.ro/bucuresti/locatie/grecopolis/783/
551,New York Pizza,https://tazz.ro/bucuresti/locatie/new-york-pizza/688/
552,Osteria Di David,https://tazz.ro/bucuresti/locatie/osteria-di-david/826/
553,Soho Burgers & More,https://tazz.ro/bucuresti/locatie/soho-burgers-more/828/
554,Trattoria Borghese,https://tazz.ro/bucuresti/locatie/trattoria-borghese/833/
555,Uncle John Auchan Drumul Taberei,https://tazz.ro/bucuresti/locatie/uncle-john-auchan-drumul-taberei/770/
556,Verbun Crângași,https://tazz.ro/bucuresti/locatie/verbun-crangasi/793/